page_name,value,is_exclusion,detailed_type,spend_per_target,page_id
All Pro-Democrat Pages,Kid Rock,TRUE,INTERESTS,3601087.456556702,NA
All Pro-Democrat Pages,Joe Rogan,TRUE,INTERESTS,3381644.530162743,NA
All Pro-Democrat Pages,Ted Nugent,TRUE,INTERESTS,2885905.829453549,NA
All Pro-Democrat Pages,Roseanne Barr,TRUE,INTERESTS,1395164.7728738084,NA
All Pro-Democrat Pages,Clint Eastwood,TRUE,INTERESTS,1388221.780858474,NA
All Pro-Democrat Pages,Duck Dynasty,TRUE,INTERESTS,1340437.3201732172,NA
All Pro-Democrat Pages,Fox News,TRUE,DEMOGRAPHICS,1325701.5750147072,NA
All Pro-Democrat Pages,Hunting,TRUE,INTERESTS,1237266.0400581425,NA
All Pro-Democrat Pages,Elon Musk,TRUE,INTERESTS,1236373.1672105992,NA
All Pro-Democrat Pages,NASCAR,TRUE,INTERESTS,1184487.7046886738,NA
All Pro-Democrat Pages,Ayn Rand,TRUE,INTERESTS,949313.1235155688,NA
All Pro-Democrat Pages,Trucking,TRUE,INTERESTS,936469.6226341586,NA
All Pro-Democrat Pages,Fox Broadcasting Company,TRUE,INTERESTS,926265.7800474421,NA
All Pro-Democrat Pages,Chris Pratt,TRUE,INTERESTS,827223.3158520773,NA
All Pro-Democrat Pages,Garth Brooks,TRUE,INTERESTS,721601.324294039,NA
All Pro-Democrat Pages,Joe Rogan Questions Everything,TRUE,INTERESTS,707750.3776361691,NA
All Pro-Democrat Pages,Objectivism (Ayn Rand),TRUE,INTERESTS,706417.9878209215,NA
All Pro-Democrat Pages,The Dr. Oz Show,TRUE,INTERESTS,691638.0021595141,NA
All Pro-Democrat Pages,J. K. Rowling,TRUE,INTERESTS,689804.6592513821,NA
All Pro-Democrat Pages,Dana White,TRUE,INTERESTS,658863.3880911694,NA
All Pro-Democrat Pages,Big-game hunting,TRUE,INTERESTS,620533.0914394192,NA
All Pro-Republican Pages,PETA (People for the Ethical Treatment of Animals),TRUE,INTERESTS,569606.1332617253,NA
All Pro-Democrat Pages,College grad,TRUE,DEMOGRAPHICS,554737.4821322907,NA
All Pro-Democrat Pages,Saturday Night Live,TRUE,INTERESTS,547236.907547889,NA
All Pro-Democrat Pages,Girls with guns,TRUE,INTERESTS,533107.7597695175,NA
All Pro-Democrat Pages,Blue Bloods (TV series),TRUE,INTERESTS,497768.6974700277,NA
All Pro-Democrat Pages,Petroleum industry,TRUE,INTERESTS,495941.3662440426,NA
All Pro-Democrat Pages,Master's degree,TRUE,DEMOGRAPHICS,490549.3921806775,NA
All Pro-Democrat Pages,NPR,TRUE,INTERESTS,490121.52338113915,NA
All Pro-Democrat Pages,Gloc-9,TRUE,INTERESTS,488780.9023145597,NA
All Pro-Democrat Pages,Barstool Sports,TRUE,INTERESTS,487375.03424833243,NA
All Pro-Democrat Pages,Toby Keith,TRUE,INTERESTS,478943.1079147199,NA
All Pro-Democrat Pages,Professional degree,TRUE,DEMOGRAPHICS,466350.37143347185,NA
All Pro-Democrat Pages,Deer hunting,TRUE,INTERESTS,461652.80471996724,NA
All Pro-Democrat Pages,NPR Morning Edition,TRUE,INTERESTS,460424.3050969167,NA
All Pro-Democrat Pages,NewYorker,TRUE,INTERESTS,460166.0819274832,NA
All Pro-Democrat Pages,military channel,TRUE,INTERESTS,443433.23072471004,NA
All Pro-Democrat Pages,Petroleum,TRUE,INTERESTS,435286.92918633996,NA
All Pro-Republican Pages,Toyota Prius,TRUE,INTERESTS,412259.23423955444,NA
All Pro-Democrat Pages,Brantley Gilbert,TRUE,INTERESTS,404130.3423509921,NA
All Pro-Democrat Pages,Granger Smith,TRUE,INTERESTS,404130.3423509921,NA
All Pro-Democrat Pages,Military history,TRUE,INTERESTS,404130.3423509921,NA
All Pro-Democrat Pages,Swamp People,TRUE,INTERESTS,404130.3423509921,NA
All Pro-Democrat Pages,Trucks,TRUE,INTERESTS,397839.777589546,NA
All Pro-Democrat Pages,Doctorate degree,TRUE,DEMOGRAPHICS,384936.1756801124,NA
All Pro-Democrat Pages,NCIS (TV series),TRUE,INTERESTS,364452.31255281216,NA
All Pro-Democrat Pages,In grad school,TRUE,DEMOGRAPHICS,364108.02254278003,NA
All Pro-Democrat Pages,Some grad school,TRUE,DEMOGRAPHICS,364108.02254278003,NA
All Pro-Democrat Pages,In college,TRUE,DEMOGRAPHICS,362883.31735810597,NA
All Pro-Democrat Pages,Chuck Norris,TRUE,INTERESTS,349197.73880684766,NA
All Pro-Democrat Pages,Trump Tower (New York City),TRUE,INTERESTS,326781.5760215404,NA
All Pro-Democrat Pages,Construction,TRUE,INTERESTS,320377.2377816093,NA
All Pro-Republican Pages,Veganism,TRUE,INTERESTS,302264.35483235255,NA
All Pro-Democrat Pages,Kanye West,TRUE,INTERESTS,286319.37383217236,NA
All Pro-Democrat Pages,Some college,TRUE,DEMOGRAPHICS,278481.8938513499,NA
All Pro-Democrat Pages,NPR's Weekend Edition,TRUE,INTERESTS,274780.2641564615,NA
All Pro-Democrat Pages,Associate degree,TRUE,DEMOGRAPHICS,263710.5225407828,NA
All Pro-Democrat Pages,Fox,TRUE,INTERESTS,252003.88334344066,NA
All Pro-Democrat Pages,Auto racing,TRUE,INTERESTS,225697.83138528146,NA
All Pro-Democrat Pages,Country music,TRUE,INTERESTS,225047.0997499624,NA
All Pro-Democrat Pages,Management,TRUE,DEMOGRAPHICS,221749.96851303702,NA
All Pro-Democrat Pages,Exxon,TRUE,INTERESTS,215419.6769568033,NA
All Pro-Democrat Pages,Elisabeth Hasselbeck,TRUE,INTERESTS,212340.51273579584,NA
All Pro-Democrat Pages,Fishing,TRUE,INTERESTS,188586.97811707653,NA
All Pro-Democrat Pages,Chick-fil-A,TRUE,INTERESTS,187605.11257652688,NA
All Pro-Democrat Pages,ExxonMobil,TRUE,INTERESTS,186770.97124481626,NA
All Pro-Democrat Pages,PBS,TRUE,INTERESTS,185385.81777102168,NA
All Pro-Democrat Pages,Social change,TRUE,INTERESTS,182801.33404200483,NA
All Pro-Democrat Pages,Chubbies,TRUE,INTERESTS,173295.66226324308,NA
All Pro-Democrat Pages,Clay pigeon shooting,TRUE,INTERESTS,173250.80055353622,NA
All Pro-Democrat Pages,Tim Tebow,TRUE,INTERESTS,172667.20422625233,NA
All Pro-Democrat Pages,Trace Adkins,TRUE,INTERESTS,170359.98746502138,NA
All Pro-Democrat Pages,FOX,TRUE,DEMOGRAPHICS,167254.90103909041,NA
All Pro-Democrat Pages,Afrobeat,TRUE,INTERESTS,163459.61424261445,NA
All Pro-Democrat Pages,Broad City,TRUE,INTERESTS,163459.61424261445,NA
All Pro-Democrat Pages,Jazz music,TRUE,INTERESTS,163459.61424261445,NA
All Pro-Democrat Pages,Masterpiece (TV series),TRUE,INTERESTS,163459.61424261445,NA
All Pro-Democrat Pages,Nova (TV series),TRUE,INTERESTS,163459.61424261445,NA
All Pro-Democrat Pages,Portlandia (TV series),TRUE,INTERESTS,163459.61424261445,NA
All Pro-Democrat Pages,George Strait,TRUE,INTERESTS,162836.97538707842,NA
All Pro-Democrat Pages,Keith Urban,TRUE,INTERESTS,160445.14156934837,NA
All Pro-Democrat Pages,Horse racing,TRUE,INTERESTS,154423.6310235794,NA
All Pro-Democrat Pages,Bass Pro Shops,TRUE,INTERESTS,151908.34077047554,NA
All Pro-Democrat Pages,Alphas,TRUE,INTERESTS,149923.0166560334,NA
All Pro-Democrat Pages,Jason Aldean,TRUE,INTERESTS,146046.66363369,NA
All Pro-Democrat Pages,Brad Paisley,TRUE,INTERESTS,143219.56074164805,NA
All Pro-Democrat Pages,Brooks & Dunn,TRUE,INTERESTS,143219.56074164805,NA
All Pro-Democrat Pages,Tim McGraw,TRUE,INTERESTS,143219.56074164805,NA
All Pro-Democrat Pages,NASCAR on Fox,TRUE,INTERESTS,141021.91580720633,NA
All Pro-Democrat Pages,Larry the Cable Guy,TRUE,INTERESTS,140968.72096706714,NA
All Pro-Democrat Pages,Caitlyn Jenner,TRUE,INTERESTS,129735.86526911455,NA
All Pro-Democrat Pages,Kelsey Grammer,TRUE,INTERESTS,125787.45764558691,NA
All Pro-Democrat Pages,Boating,TRUE,INTERESTS,125538.20445101582,NA
All Pro-Democrat Pages,Conor McGregor,TRUE,INTERESTS,124133.88683849122,NA
All Pro-Democrat Pages,Fox hunting,TRUE,INTERESTS,120746.63808817559,NA
All Pro-Democrat Pages,Coal,TRUE,INTERESTS,114267.27145263477,NA
All Pro-Democrat Pages,Dale Earnhardt,TRUE,INTERESTS,112902.8225945124,NA
All Pro-Democrat Pages,Lightweight (MMA),TRUE,INTERESTS,112902.8225945124,NA
All Pro-Democrat Pages,Middleweight (MMA),TRUE,INTERESTS,112902.8225945124,NA
All Pro-Democrat Pages,Heavyweight (MMA),TRUE,INTERESTS,112902.82259451183,NA
All Pro-Democrat Pages,BP,TRUE,INTERESTS,109563.22037124494,NA
All Pro-Democrat Pages,Golf,TRUE,INTERESTS,108987.32906758529,NA
All Pro-Democrat Pages,Kappa Alpha Order,TRUE,INTERESTS,108987.32906758529,NA
All Pro-Democrat Pages,Sigma Alpha Epsilon,TRUE,INTERESTS,108987.32906758529,NA
All Pro-Democrat Pages,Fossil fuel,TRUE,INTERESTS,108875.32964945148,NA
All Pro-Democrat Pages,National Football League,TRUE,INTERESTS,103780.10143748879,NA
All Pro-Democrat Pages,Mossy Oak,TRUE,INTERESTS,102922.8355582794,NA
All Pro-Democrat Pages,Boar hunting,TRUE,INTERESTS,100743.16024543339,NA
All Pro-Democrat Pages,Trump Hotel Las Vegas,TRUE,INTERESTS,96428.53718309951,NA
All Pro-Democrat Pages,Diesel Trucks,TRUE,INTERESTS,95598.34624778842,NA
All Pro-Democrat Pages,Dave Ramsey,TRUE,INTERESTS,95207.61287500062,NA
All Pro-Democrat Pages,Rupert Murdoch,TRUE,INTERESTS,94169.76998753985,NA
All Pro-Democrat Pages,News media,TRUE,INTERESTS,94067.284810775,NA
All Pro-Democrat Pages,Breaking news,TRUE,INTERESTS,91567.50698069428,NA
All Pro-Democrat Pages,Stacey Dash,TRUE,INTERESTS,82445.82502331774,NA
All Pro-Democrat Pages,Last Man Standing (U.S. TV series),TRUE,INTERESTS,80090.04498315915,NA
All Pro-Democrat Pages,Candace Cameron Bure,TRUE,INTERESTS,78997.11503160877,NA
All Pro-Republican Pages,Trader Joe's,TRUE,INTERESTS,65882.05875040033,NA
All Pro-Democrat Pages,Colt Ford,TRUE,INTERESTS,65469.05431827846,NA
All Pro-Democrat Pages,RaeLynn,TRUE,INTERESTS,64894.41264889729,NA
All Pro-Democrat Pages,Jeff Foxworthy,TRUE,INTERESTS,61808.58604452625,NA
All Pro-Republican Pages,Whole Foods Market,TRUE,INTERESTS,57970.33851497576,NA
All Pro-Democrat Pages,Yacht club,TRUE,INTERESTS,57584.547452960796,NA
All Pro-Democrat Pages,Ronald Reagan Presidential Library,TRUE,INTERESTS,54549.593191562475,NA
All Pro-Democrat Pages,Trophy hunting,TRUE,INTERESTS,52935.443773345956,NA
All Pro-Democrat Pages,Cracker Barrel Old Country Store,TRUE,INTERESTS,52241.32517351914,NA
All Pro-Republican Pages,Renewable energy,TRUE,INTERESTS,50125.473896667536,NA
All Pro-Democrat Pages,The Chronicles of Narnia (film series),TRUE,INTERESTS,49934.49846864272,NA
All Pro-Democrat Pages,Practical shooting,TRUE,INTERESTS,48840.85896119314,NA
All Pro-Democrat Pages,Dustin Lynch,TRUE,INTERESTS,47084.6496619138,NA
All Pro-Democrat Pages,Koch Industries,TRUE,INTERESTS,43974.11238676938,NA
All Pro-Democrat Pages,duck hunting,TRUE,INTERESTS,43569.24039946381,NA
All Pro-Democrat Pages,Enes Kanter,TRUE,INTERESTS,42702.94464234352,NA
All Pro-Democrat Pages,Country Living,TRUE,INTERESTS,42695.182954364136,NA
All Pro-Democrat Pages,Ford F-Series,TRUE,INTERESTS,42044.124391007215,NA
All Pro-Democrat Pages,The Police,TRUE,INTERESTS,41895.901018775796,NA
All Pro-Republican Pages,Electric car,TRUE,INTERESTS,40255.78767345474,NA
All Pro-Republican Pages,Parenting,TRUE,INTERESTS,38079.24715454767,NA
All Pro-Democrat Pages,NPR,TRUE,DEMOGRAPHICS,37686.50156025189,NA
All Pro-Democrat Pages,Criminal Minds,TRUE,INTERESTS,36998.78876419591,NA
All Pro-Democrat Pages,History (TV channel),TRUE,INTERESTS,36998.78876419591,NA
All Pro-Democrat Pages,Law & Order,TRUE,INTERESTS,36998.78876419591,NA
All Pro-Democrat Pages,Turkey hunting,TRUE,INTERESTS,36998.78876419591,NA
All Pro-Republican Pages,Sustainable energy,TRUE,INTERESTS,36954.04200866283,NA
All Pro-Democrat Pages,Blake Shelton,TRUE,INTERESTS,34801.987178071264,NA
All Pro-Democrat Pages,Environmental science,TRUE,INTERESTS,34458.397702045506,NA
All Pro-Democrat Pages,MSNBC,TRUE,DEMOGRAPHICS,34411.10537335166,NA
All Pro-Democrat Pages,Climate,TRUE,INTERESTS,34197.70450229484,NA
All Pro-Democrat Pages,Classic rock,TRUE,INTERESTS,33777.397489041694,NA
All Pro-Democrat Pages,The Apprentice (U.S. TV series),TRUE,INTERESTS,33122.77027000703,NA
All Pro-Democrat Pages,Coal mining,TRUE,DEMOGRAPHICS,32024.31067846925,NA
All Pro-Democrat Pages,Roseanne,TRUE,INTERESTS,31557.092937927908,NA
All Pro-Democrat Pages,Harley-Davidson,TRUE,INTERESTS,29925.90473571483,NA
All Pro-Democrat Pages,SEAL Team (TV series),TRUE,INTERESTS,29806.970201820084,NA
All Pro-Democrat Pages,hunting and fishing,TRUE,INTERESTS,29365.019739142994,NA
All Pro-Democrat Pages,Mexico–United States border,TRUE,INTERESTS,29365.019739142994,NA
All Pro-Democrat Pages,NASCAR Racing,TRUE,INTERESTS,29205.0477485152,NA
All Pro-Republican Pages,NPR,TRUE,INTERESTS,28389.19447025705,NA
All Pro-Democrat Pages,Bass Pro Shops,TRUE,DEMOGRAPHICS,28308.732243505736,NA
All Pro-Democrat Pages,Country Life (magazine),TRUE,INTERESTS,27806.394280019304,NA
All Pro-Republican Pages,Vegan Publishers,TRUE,INTERESTS,27449.52612392829,NA
All Pro-Democrat Pages,American football,TRUE,INTERESTS,25929.858793513755,NA
All Pro-Democrat Pages,Equestrian,TRUE,INTERESTS,24828.38318259378,NA
All Pro-Democrat Pages,NASCAR on NBC,TRUE,INTERESTS,24828.38318259378,NA
All Pro-Democrat Pages,Brian Kilmeade,TRUE,INTERESTS,23954.524146155738,NA
All Pro-Democrat Pages,Steve Doocy,TRUE,INTERESTS,23954.524146155738,NA
All Pro-Republican Pages,REI,TRUE,INTERESTS,23794.089698366457,NA
All Pro-Democrat Pages,NASCAR Racers,TRUE,INTERESTS,23389.386537781393,NA
All Pro-Democrat Pages,Ellen Page,TRUE,INTERESTS,21827.77191511574,NA
All Pro-Democrat Pages,Whole Foods Market,TRUE,INTERESTS,21827.77191511574,NA
All Pro-Democrat Pages,American Preppers Network,TRUE,INTERESTS,21175.12733587748,NA
All Pro-Democrat Pages,WWE,TRUE,INTERESTS,20952.06886805721,NA
All Pro-Republican Pages,Parenting (magazine),TRUE,INTERESTS,20399.998475620418,NA
All Pro-Republican Pages,Parents (magazine),TRUE,INTERESTS,20399.998475620418,NA
All Pro-Democrat Pages,Oil and Gas Development Company,TRUE,INTERESTS,19942.737816879468,NA
All Pro-Democrat Pages,All-news radio,TRUE,INTERESTS,19939.046965837966,NA
All Pro-Democrat Pages,News broadcasting,TRUE,INTERESTS,19939.046965837966,NA
All Pro-Democrat Pages,News magazine,TRUE,INTERESTS,19939.046965837966,NA
All Pro-Democrat Pages,Newspapers,TRUE,INTERESTS,19939.046965837966,NA
All Pro-Democrat Pages,Online newspaper,TRUE,INTERESTS,19939.046965837966,NA
All Pro-Republican Pages,Electric vehicle,TRUE,INTERESTS,19850.334177920362,NA
All Pro-Republican Pages,Environmental science,TRUE,INTERESTS,19619.645442357105,NA
All Pro-Democrat Pages,Sports page admins,TRUE,BEHAVIORS,19306.60135161139,NA
All Pro-Democrat Pages,Luke Bryan,TRUE,INTERESTS,18026.86658915656,NA
All Pro-Democrat Pages,Aborted,TRUE,INTERESTS,17869.362406343484,NA
All Pro-Republican Pages,Motherhood,TRUE,INTERESTS,17679.248678927255,NA
All Pro-Democrat Pages,Duck,TRUE,INTERESTS,17608.933875552473,NA
All Pro-Democrat Pages,ABC,TRUE,INTERESTS,17395.67950254951,NA
All Pro-Democrat Pages,CBS,TRUE,INTERESTS,17395.67950254951,NA
All Pro-Democrat Pages,NBC,TRUE,INTERESTS,17395.67950254951,NA
All Pro-Republican Pages,Yoga,TRUE,INTERESTS,16916,NA
All Pro-Republican Pages,Fine art,TRUE,INTERESTS,16416.489936231734,NA
All Pro-Republican Pages,Harvard University,TRUE,INTERESTS,16049.211785637526,NA
All Pro-Republican Pages,Organic food,TRUE,INTERESTS,15897.791451957242,NA
All Pro-Democrat Pages,Homesteading / Survivalism,TRUE,INTERESTS,15677.785922622337,NA
All Pro-Democrat Pages,Survival skills,TRUE,INTERESTS,15677.785922622337,NA
All Pro-Democrat Pages,Survivalism,TRUE,INTERESTS,15677.785922622337,NA
All Pro-Democrat Pages,In high school,TRUE,DEMOGRAPHICS,15526.683763772733,NA
All Pro-Republican Pages,Asos,TRUE,INTERESTS,15090.408325834505,NA
All Pro-Republican Pages,ASOS.com,TRUE,INTERESTS,15090.408325834505,NA
All Pro-Republican Pages,Bloomingdale's,TRUE,INTERESTS,15090.408325834505,NA
All Pro-Republican Pages,Forever 21,TRUE,INTERESTS,15090.408325834505,NA
All Pro-Republican Pages,H&M,TRUE,INTERESTS,15090.408325834505,NA
All Pro-Republican Pages,Sephora,TRUE,INTERESTS,15090.408325834505,NA
All Pro-Republican Pages,Urban Outfitters,TRUE,INTERESTS,15090.408325834505,NA
All Pro-Republican Pages,Whole Foods Co-op,TRUE,INTERESTS,15090.408325834505,NA
All Pro-Democrat Pages,Tea party,TRUE,INTERESTS,14724.87764986401,NA
All Pro-Democrat Pages,All-terrain vehicle,TRUE,INTERESTS,14667.767297058099,NA
All Pro-Democrat Pages,Fox Sports,TRUE,INTERESTS,13726.496813893378,NA
All Pro-Democrat Pages,Fox Sports (United States),TRUE,INTERESTS,13726.496813893378,NA
All Pro-Republican Pages,College grad,TRUE,DEMOGRAPHICS,13375.387649929688,NA
All Pro-Republican Pages,Animal rights movement,TRUE,INTERESTS,13096.194239198867,NA
All Pro-Republican Pages,Law enforcement,TRUE,DEMOGRAPHICS,12998.107128970632,NA
All Pro-Republican Pages,NPR,TRUE,DEMOGRAPHICS,12998.107128970632,NA
All Pro-Republican Pages,Army men,TRUE,INTERESTS,12998.107128970632,NA
All Pro-Republican Pages,Barstool Sports,TRUE,INTERESTS,12998.107128970632,NA
All Pro-Republican Pages,Boy Scouts of America,TRUE,INTERESTS,12998.107128970632,NA
All Pro-Republican Pages,BuzzFeed Community,TRUE,INTERESTS,12998.107128970632,NA
All Pro-Republican Pages,Country club,TRUE,INTERESTS,12998.107128970632,NA
All Pro-Republican Pages,Cracker Barrel Old Country Store,TRUE,INTERESTS,12998.107128970632,NA
All Pro-Republican Pages,Duck Dynasty,TRUE,INTERESTS,12998.107128970632,NA
All Pro-Republican Pages,duck hunting,TRUE,INTERESTS,12998.107128970632,NA
All Pro-Republican Pages,Horseback riding,TRUE,INTERESTS,12998.107128970632,NA
All Pro-Republican Pages,NASCAR on Fox,TRUE,INTERESTS,12998.107128970632,NA
All Pro-Republican Pages,National FFA Organization,TRUE,INTERESTS,12998.107128970632,NA
All Pro-Republican Pages,NFL on Fox,TRUE,INTERESTS,12998.107128970632,NA
All Pro-Republican Pages,Sustainable clothing,TRUE,INTERESTS,12998.107128970632,NA
All Pro-Republican Pages,Sustainable transport,TRUE,INTERESTS,12998.107128970632,NA
All Pro-Republican Pages,T: The New York Times Style Magazine,TRUE,INTERESTS,12998.107128970632,NA
All Pro-Republican Pages,Yale University,TRUE,INTERESTS,12998.107128970632,NA
All Pro-Democrat Pages,Billy Ray Cyrus,TRUE,INTERESTS,12718.581987516776,NA
All Pro-Republican Pages,CNN,TRUE,DEMOGRAPHICS,12327.990597663184,NA
All Pro-Republican Pages,United Nations,TRUE,DEMOGRAPHICS,12193.990597663184,NA
All Pro-Republican Pages,Community issues,TRUE,INTERESTS,11850.294391030897,NA
All Pro-Republican Pages,wildlife conservation,TRUE,INTERESTS,11707.964362915665,NA
All Pro-Democrat Pages,Real estate investing,TRUE,INTERESTS,11248.169059496724,NA
All Pro-Republican Pages,NASCAR,TRUE,INTERESTS,10575.234690820249,NA
All Pro-Democrat Pages,Walmart,TRUE,DEMOGRAPHICS,9890.4895485088,NA
All Pro-Republican Pages,Arianna Huffington,TRUE,INTERESTS,9555.48171630715,NA
All Pro-Democrat Pages,PGA Tour,TRUE,INTERESTS,9163.170604465093,NA
All Pro-Republican Pages,AOC,TRUE,INTERESTS,9148.099955498485,NA
All Pro-Republican Pages,Bill Gates,TRUE,INTERESTS,9148.099955498485,NA
All Pro-Republican Pages,Mark Zuckerberg,TRUE,INTERESTS,9148.099955498485,NA
All Pro-Republican Pages,Whole food,TRUE,INTERESTS,9124.824098951527,NA
All Pro-Democrat Pages,Melissa Joan Hart,TRUE,INTERESTS,9064.177392391406,NA
All Pro-Democrat Pages,Monster truck,TRUE,INTERESTS,8973.203785531345,NA
All Pro-Democrat Pages,Horseback riding,TRUE,INTERESTS,8972.720936416803,NA
All Pro-Democrat Pages,NASCAR Nation,TRUE,INTERESTS,8625.956735525593,NA
All Pro-Democrat Pages,Trap shooting,TRUE,INTERESTS,8106.747847432436,NA
All Pro-Democrat Pages,BYU Cougars,TRUE,INTERESTS,7191.818562375825,NA
All Pro-Democrat Pages,Recreational fishing,TRUE,INTERESTS,6975.763167791125,NA
All Pro-Democrat Pages,Cabela's,TRUE,INTERESTS,6946.66072060349,NA
All Pro-Democrat Pages,Diesel engine,TRUE,INTERESTS,6846.035734111047,NA
All Pro-Republican Pages,In college,TRUE,DEMOGRAPHICS,6660.14358270075,NA
All Pro-Republican Pages,In grad school,TRUE,DEMOGRAPHICS,6660.14358270075,NA
All Pro-Republican Pages,Master's degree,TRUE,DEMOGRAPHICS,6489.159806804955,NA
All Pro-Democrat Pages,Chevy Trucks,TRUE,INTERESTS,6471.829805342217,NA
All Pro-Democrat Pages,diesel,TRUE,INTERESTS,6471.829805342217,NA
All Pro-Democrat Pages,Diesel fuel,TRUE,INTERESTS,6471.829805342217,NA
All Pro-Democrat Pages,Diesel Power (magazine),TRUE,INTERESTS,6471.829805342217,NA
All Pro-Democrat Pages,Diesel Power Products,TRUE,INTERESTS,6471.829805342217,NA
All Pro-Democrat Pages,Ford Mustang,TRUE,INTERESTS,6471.829805342217,NA
All Pro-Democrat Pages,Ford Super Duty,TRUE,INTERESTS,6471.829805342217,NA
All Pro-Democrat Pages,Hummer,TRUE,INTERESTS,6471.829805342217,NA
All Pro-Democrat Pages,Mobil,TRUE,INTERESTS,6471.829805342217,NA
All Pro-Democrat Pages,Natural gas,TRUE,INTERESTS,6471.829805342217,NA
All Pro-Democrat Pages,Ram Trucks,TRUE,INTERESTS,6471.829805342217,NA
All Pro-Democrat Pages,Jon Voight,TRUE,INTERESTS,6330.221810189032,NA
All Pro-Republican Pages,HuffPost,TRUE,DEMOGRAPHICS,6096.995298831592,NA
All Pro-Republican Pages,MSNBC,TRUE,DEMOGRAPHICS,6096.995298831592,NA
All Pro-Republican Pages,The New York Times,TRUE,DEMOGRAPHICS,6096.995298831592,NA
All Pro-Republican Pages,"UNHCR, the UN Refugee Agency",TRUE,DEMOGRAPHICS,6096.995298831592,NA
All Pro-Republican Pages,BlackRock,TRUE,INTERESTS,6096.995298831592,NA
All Pro-Republican Pages,Empowerment,TRUE,INTERESTS,6096.995298831592,NA
All Pro-Republican Pages,Equity crowdfunding,TRUE,INTERESTS,6096.995298831592,NA
All Pro-Republican Pages,Ethical consumerism,TRUE,INTERESTS,6096.995298831592,NA
All Pro-Republican Pages,NewYorker,TRUE,INTERESTS,6096.995298831592,NA
All Pro-Republican Pages,Silicon Valley,TRUE,INTERESTS,6096.995298831592,NA
All Pro-Republican Pages,Solidarity,TRUE,INTERESTS,6096.995298831592,NA
All Pro-Republican Pages,Sustainable fashion,TRUE,INTERESTS,6096.995298831592,NA
All Pro-Republican Pages,Sustainable fishery,TRUE,INTERESTS,6096.995298831592,NA
All Pro-Republican Pages,The Co-operative Food,TRUE,INTERESTS,6096.995298831592,NA
All Pro-Republican Pages,UNICEF,TRUE,INTERESTS,6096.995298831592,NA
All Pro-Republican Pages,UNICEF USA,TRUE,INTERESTS,6096.995298831592,NA
All Pro-Republican Pages,United Nations Conference on Sustainable Development,TRUE,INTERESTS,6096.995298831592,NA
All Pro-Republican Pages,United Nations Development Programme,TRUE,INTERESTS,6096.995298831592,NA
All Pro-Republican Pages,United Nations Foundation,TRUE,INTERESTS,6096.995298831592,NA
All Pro-Republican Pages,United Nations General Assembly,TRUE,INTERESTS,6096.995298831592,NA
All Pro-Democrat Pages,National flag,TRUE,INTERESTS,5294.425427969298,NA
All Pro-Republican Pages,In high school,TRUE,DEMOGRAPHICS,5270.176707622217,NA
All Pro-Republican Pages,Anime movies,TRUE,INTERESTS,5270.176707622217,NA
All Pro-Republican Pages,Manga,TRUE,INTERESTS,5270.176707622217,NA
All Pro-Democrat Pages,Deer & Deer Hunting,TRUE,INTERESTS,5205.929840152325,NA
All Pro-Democrat Pages,Garden & Gun Magazine,TRUE,INTERESTS,5119.342908132029,NA
All Pro-Democrat Pages,Marathons,TRUE,INTERESTS,4995.033071275338,NA
All Pro-Democrat Pages,Patagonia (clothing),TRUE,INTERESTS,4995.033071275338,NA
All Pro-Democrat Pages,Running,TRUE,INTERESTS,4995.033071275338,NA
All Pro-Democrat Pages,Skiing,TRUE,INTERESTS,4995.033071275338,NA
All Pro-Democrat Pages,Snowboarding,TRUE,INTERESTS,4995.033071275338,NA
All Pro-Democrat Pages,Surfing,TRUE,INTERESTS,4995.033071275338,NA
All Pro-Democrat Pages,Swimming,TRUE,INTERESTS,4995.033071275338,NA
All Pro-Democrat Pages,Tennis,TRUE,INTERESTS,4995.033071275338,NA
All Pro-Democrat Pages,Volleyball,TRUE,INTERESTS,4995.033071275338,NA
All Pro-Democrat Pages,Official NFR Experience,TRUE,INTERESTS,4989.643078752014,NA
All Pro-Democrat Pages,pbr,TRUE,INTERESTS,4989.643078752014,NA
All Pro-Democrat Pages,The Home Depot,TRUE,INTERESTS,4989.643078752014,NA
All Pro-Democrat Pages,Tractor Supply Company,TRUE,INTERESTS,4989.643078752014,NA
All Pro-Democrat Pages,WWE Raw,TRUE,INTERESTS,4960.6361977733695,NA
All Pro-Democrat Pages,Pawn Stars,TRUE,INTERESTS,4885.547742402762,NA
All Pro-Republican Pages,Deer hunting,TRUE,INTERESTS,4786.888536530608,NA
All Pro-Republican Pages,Doctorate degree,TRUE,DEMOGRAPHICS,4691.0518353222105,NA
All Pro-Republican Pages,Cabela's,TRUE,INTERESTS,4568.228761787633,NA
All Pro-Democrat Pages,Skeet shooting,TRUE,INTERESTS,4522.815288734587,NA
All Pro-Democrat Pages,Adam Carolla,TRUE,INTERESTS,4499.279864671911,NA
All Pro-Democrat Pages,Bill Burr,TRUE,INTERESTS,4499.279864671911,NA
All Pro-Democrat Pages,Bill Engvall,TRUE,INTERESTS,4499.279864671911,NA
All Pro-Democrat Pages,Dave Chappelle,TRUE,INTERESTS,4499.279864671911,NA
All Pro-Democrat Pages,Dog the Bounty Hunter,TRUE,INTERESTS,4499.279864671911,NA
All Pro-Democrat Pages,The Adam Carolla Show (podcast),TRUE,INTERESTS,4499.279864671911,NA
All Pro-Democrat Pages,The Ranch (TV series),TRUE,INTERESTS,4499.279864671911,NA
All Pro-Democrat Pages,Ice Road Truckers,TRUE,INTERESTS,4427.320954898256,NA
All Pro-Republican Pages,Queer as Folk (2000 TV series),TRUE,INTERESTS,4412.901005483672,NA
All Pro-Democrat Pages,Digital currency,TRUE,INTERESTS,4321.1743393072375,NA
All Pro-Democrat Pages,Monster Energy,TRUE,INTERESTS,4215.303211865826,NA
All Pro-Democrat Pages,Gina Carano,TRUE,INTERESTS,4176.9089002057135,NA
All Pro-Republican Pages,Country music,TRUE,INTERESTS,4115.393772320645,NA
All Pro-Republican Pages,Electronic dance music,TRUE,INTERESTS,4111.873757459821,NA
All Pro-Republican Pages,Practical shooting,TRUE,INTERESTS,4111.873757459821,NA
All Pro-Democrat Pages,High school grad,TRUE,DEMOGRAPHICS,4096.731800695398,NA
All Pro-Democrat Pages,Some high school,TRUE,DEMOGRAPHICS,4096.731800695398,NA
All Pro-Democrat Pages,Construction and Extraction,TRUE,DEMOGRAPHICS,3943.9366254611123,NA
All Pro-Democrat Pages,Business,TRUE,INTERESTS,3943.9366254611123,NA
All Pro-Democrat Pages,Investment banking,TRUE,INTERESTS,3943.9366254611123,NA
All Pro-Democrat Pages,Online banking,TRUE,INTERESTS,3943.9366254611123,NA
All Pro-Democrat Pages,Retail banking,TRUE,INTERESTS,3943.9366254611123,NA
All Pro-Republican Pages,Fox News,TRUE,DEMOGRAPHICS,3680.153773549787,NA
All Pro-Republican Pages,Bass Pro Shops,TRUE,INTERESTS,3680.153773549787,NA
All Pro-Republican Pages,Fox Broadcasting Company,TRUE,INTERESTS,3680.153773549787,NA
All Pro-Republican Pages,Ben & Jerry's,TRUE,INTERESTS,3458.4864174755658,NA
All Pro-Republican Pages,Sarah Silverman,TRUE,INTERESTS,3458.486417475558,NA
All Pro-Democrat Pages,Dean Cain,TRUE,INTERESTS,3448.709991708964,NA
All Pro-Republican Pages,Hunting,TRUE,INTERESTS,3389.293146161834,NA
All Pro-Republican Pages,Trucks,TRUE,INTERESTS,3385.7731313010095,NA
All Pro-Republican Pages,Lizzo,TRUE,INTERESTS,3301.0849602436774,NA
All Pro-Democrat Pages,Petroleum engineering,TRUE,DEMOGRAPHICS,3286,NA
All Pro-Democrat Pages,Brett Favre,TRUE,INTERESTS,3286,NA
All Pro-Democrat Pages,Camoflauge,TRUE,INTERESTS,3286,NA
All Pro-Democrat Pages,Carhartt,TRUE,INTERESTS,3286,NA
All Pro-Democrat Pages,CMA Music Festival,TRUE,INTERESTS,3286,NA
All Pro-Democrat Pages,Country Fest,TRUE,INTERESTS,3286,NA
All Pro-Democrat Pages,Country Music Channel,TRUE,INTERESTS,3286,NA
All Pro-Democrat Pages,Country Music Nation,TRUE,INTERESTS,3286,NA
All Pro-Democrat Pages,Country Music Television,TRUE,INTERESTS,3286,NA
All Pro-Democrat Pages,Dennis Quaid,TRUE,INTERESTS,3286,NA
All Pro-Democrat Pages,Faster Horses Festival,TRUE,INTERESTS,3286,NA
All Pro-Democrat Pages,Jack Nicklaus,TRUE,INTERESTS,3286,NA
All Pro-Democrat Pages,Jay Cutler (American football),TRUE,INTERESTS,3286,NA
All Pro-Democrat Pages,Jeff Bezos,TRUE,INTERESTS,3286,NA
All Pro-Democrat Pages,Marathon Petroleum,TRUE,INTERESTS,3286,NA
All Pro-Democrat Pages,Monster Jam,TRUE,INTERESTS,3286,NA
All Pro-Democrat Pages,Mud bogging,TRUE,INTERESTS,3286,NA
All Pro-Democrat Pages,oil riggers,TRUE,INTERESTS,3286,NA
All Pro-Democrat Pages,Reader's Digest,TRUE,INTERESTS,3286,NA
All Pro-Democrat Pages,Rodeo,TRUE,INTERESTS,3286,NA
All Pro-Democrat Pages,Side by Side (UTV),TRUE,INTERESTS,3286,NA
All Pro-Democrat Pages,Stagecoach Festival,TRUE,INTERESTS,3286,NA
All Pro-Democrat Pages,travis tritt,TRUE,INTERESTS,3286,NA
All Pro-Democrat Pages,Winchester,TRUE,INTERESTS,3286,NA
All Pro-Democrat Pages,Trucking industry in the United States,TRUE,INTERESTS,3109.959708028644,NA
All Pro-Democrat Pages,Doomsday Preppers,TRUE,INTERESTS,3088.797231347507,NA
All Pro-Republican Pages,Cardi B,TRUE,INTERESTS,3051.104656666893,NA
All Pro-Republican Pages,Chelsea Handler,TRUE,INTERESTS,3051.104656666893,NA
All Pro-Republican Pages,George Soros,TRUE,INTERESTS,3051.104656666893,NA
All Pro-Republican Pages,LeBron James,TRUE,INTERESTS,3051.104656666893,NA
All Pro-Republican Pages,Lena Dunham,TRUE,INTERESTS,3051.104656666893,NA
All Pro-Republican Pages,RuPaul,TRUE,INTERESTS,3051.104656666893,NA
All Pro-Republican Pages,Stanford University,TRUE,INTERESTS,3051.104656666893,NA
All Pro-Democrat Pages,ABC News,TRUE,DEMOGRAPHICS,3025.9616471535483,NA
All Pro-Democrat Pages,ABP News,TRUE,DEMOGRAPHICS,3025.9616471535483,NA
All Pro-Democrat Pages,CNN,TRUE,DEMOGRAPHICS,3025.9616471535483,NA
All Pro-Democrat Pages,Los Angeles Times,TRUE,DEMOGRAPHICS,3025.9616471535483,NA
All Pro-Democrat Pages,Newsweek,TRUE,DEMOGRAPHICS,3025.9616471535483,NA
All Pro-Democrat Pages,The New York Times,TRUE,DEMOGRAPHICS,3025.9616471535483,NA
All Pro-Democrat Pages,The Wall Street Journal,TRUE,DEMOGRAPHICS,3025.9616471535483,NA
All Pro-Democrat Pages,USA TODAY,TRUE,DEMOGRAPHICS,3025.9616471535483,NA
All Pro-Democrat Pages,Bloomberg L.P.,TRUE,INTERESTS,3025.9616471535483,NA
All Pro-Democrat Pages,International News Service v. Associated Press,TRUE,INTERESTS,3025.9616471535483,NA
All Pro-Democrat Pages,Local news,TRUE,INTERESTS,3025.9616471535483,NA
All Pro-Democrat Pages,News satire,TRUE,INTERESTS,3025.9616471535483,NA
All Pro-Democrat Pages,Science News,TRUE,INTERESTS,3025.9616471535483,NA
All Pro-Republican Pages,Social change,TRUE,INTERESTS,2837.645442357106,NA
All Pro-Republican Pages,Fishing,TRUE,INTERESTS,2440.4682192487276,NA
All Pro-Republican Pages,Government,TRUE,INTERESTS,2348.4808107505323,NA
All Pro-Democrat Pages,Kenny Chesney,TRUE,INTERESTS,2291.086636698627,NA
All Pro-Democrat Pages,Mark Zuckerberg,TRUE,INTERESTS,2291.086636698627,NA
All Pro-Democrat Pages,Sustainable energy,TRUE,INTERESTS,2058.93417860608,NA
All Pro-Republican Pages,Vegan nutrition,TRUE,INTERESTS,1999.8999999999905,NA
All Pro-Democrat Pages,Agriculture,TRUE,INTERESTS,1939.3716431516375,NA
All Pro-Democrat Pages,Ethical consumerism,TRUE,INTERESTS,1798.2409788554107,NA
All Pro-Democrat Pages,Natural environment,TRUE,INTERESTS,1798.2409788554107,NA
All Pro-Democrat Pages,Renewable energy,TRUE,INTERESTS,1798.2409788554107,NA
All Pro-Democrat Pages,Solar energy,TRUE,INTERESTS,1798.2409788554107,NA
All Pro-Democrat Pages,Solar power,TRUE,INTERESTS,1798.2409788554107,NA
All Pro-Democrat Pages,Wildlife,TRUE,INTERESTS,1798.2409788554107,NA
All Pro-Democrat Pages,Herman Koch,TRUE,INTERESTS,1773.1067017211014,NA
All Pro-Republican Pages,Man,TRUE,INTERESTS,1578.4881965323414,NA
All Pro-Republican Pages,REI,TRUE,DEMOGRAPHICS,1474.9366429134104,NA
All Pro-Republican Pages,Professional degree,TRUE,DEMOGRAPHICS,1389.9668750785331,NA
All Pro-Republican Pages,Some grad school,TRUE,DEMOGRAPHICS,1389.9668750785331,NA
All Pro-Democrat Pages,Kate McKinnon,TRUE,INTERESTS,1251.7395363626927,NA
All Pro-Democrat Pages,Spain national football team,TRUE,INTERESTS,1199.6420235699004,NA
All Pro-Democrat Pages,Spanish as a second language,TRUE,INTERESTS,1199.6420235699004,NA
All Pro-Democrat Pages,Spanish pronouns,TRUE,INTERESTS,1199.6420235699004,NA
All Pro-Democrat Pages,Walmart,TRUE,INTERESTS,1108.2182801402878,NA
All Pro-Republican Pages,Sculpture,TRUE,INTERESTS,1076.1013068204672,NA
All Pro-Democrat Pages,Tim Allen,TRUE,INTERESTS,1026.0895158932265,NA
All Pro-Democrat Pages,Bud Light,TRUE,INTERESTS,999.9714073940135,NA
All Pro-Democrat Pages,Mountain Dew,TRUE,INTERESTS,999.9714073940135,NA
All Pro-Democrat Pages,Farm,TRUE,INTERESTS,975.329152224502,NA
All Pro-Democrat Pages,Football,TRUE,INTERESTS,974.4482796592374,NA
All Pro-Democrat Pages,Drilling rig,TRUE,INTERESTS,900.0006287994363,NA
All Pro-Democrat Pages,atv,TRUE,INTERESTS,827.1279569138933,NA
All Pro-Democrat Pages,Fox Life,TRUE,INTERESTS,770.9893225492591,NA
All Pro-Democrat Pages,WNYW,TRUE,INTERESTS,770.9893225492591,NA
All Pro-Democrat Pages,Drag racing,TRUE,INTERESTS,689.958345429616,NA
All Pro-Democrat Pages,Tractor pulling,TRUE,INTERESTS,689.958345429616,NA
All Pro-Democrat Pages,"Davao Doctors College, Inc.",TRUE,DEMOGRAPHICS,627.9858046900686,NA
All Pro-Democrat Pages,Doctor of Philosophy,TRUE,INTERESTS,627.9858046900686,NA
All Pro-Democrat Pages,Abby Johnson (activist),TRUE,INTERESTS,597.5788475703508,NA
All Pro-Democrat Pages,Bill O'Reilly (political commentator),TRUE,INTERESTS,597.5788475703508,NA
All Pro-Democrat Pages,Casting Crowns,TRUE,INTERESTS,597.5788475703508,NA
All Pro-Democrat Pages,Joyce Meyer,TRUE,INTERESTS,597.5788475703508,NA
All Pro-Democrat Pages,Kenneth Copeland,TRUE,INTERESTS,597.5788475703508,NA
All Pro-Democrat Pages,LifeSiteNews.com,TRUE,INTERESTS,597.5788475703508,NA
All Pro-Democrat Pages,MercyMe,TRUE,INTERESTS,597.5788475703508,NA
All Pro-Democrat Pages,Greenpeace International,TRUE,DEMOGRAPHICS,573.15094768327,NA
All Pro-Democrat Pages,Wildlife conservation,TRUE,DEMOGRAPHICS,573.15094768327,NA
All Pro-Democrat Pages,Arianna Huffington,TRUE,INTERESTS,573.15094768327,NA
All Pro-Democrat Pages,Colin Kaepernick,TRUE,INTERESTS,573.15094768327,NA
All Pro-Democrat Pages,CREDO Mobile,TRUE,INTERESTS,573.15094768327,NA
All Pro-Democrat Pages,George Takei,TRUE,INTERESTS,573.15094768327,NA
All Pro-Democrat Pages,Jane Fonda,TRUE,INTERESTS,573.15094768327,NA
All Pro-Democrat Pages,Lily Tomlin,TRUE,INTERESTS,573.15094768327,NA
All Pro-Democrat Pages,Mark Ruffalo,TRUE,INTERESTS,573.15094768327,NA
All Pro-Democrat Pages,Megan Rapinoe,TRUE,INTERESTS,573.15094768327,NA
All Pro-Democrat Pages,RuPaul,TRUE,INTERESTS,573.15094768327,NA
All Pro-Democrat Pages,Samantha Bee,TRUE,INTERESTS,573.15094768327,NA
All Pro-Democrat Pages,Sarah Silverman,TRUE,INTERESTS,573.15094768327,NA
All Pro-Democrat Pages,Serial (podcast),TRUE,INTERESTS,573.15094768327,NA
All Pro-Democrat Pages,Sue Bird,TRUE,INTERESTS,573.15094768327,NA
All Pro-Democrat Pages,Susan Sarandon,TRUE,INTERESTS,573.15094768327,NA
All Pro-Democrat Pages,The Jon Stewart Show,TRUE,INTERESTS,573.15094768327,NA
All Pro-Democrat Pages,The Sarah Silverman Program,TRUE,INTERESTS,573.15094768327,NA
All Pro-Democrat Pages,Ultraviolet,TRUE,INTERESTS,573.15094768327,NA
All Pro-Democrat Pages,Wildlife Conservation Network,TRUE,INTERESTS,573.15094768327,NA
All Pro-Democrat Pages,Wildlife Conservation Society,TRUE,INTERESTS,573.15094768327,NA
All Pro-Democrat Pages,Women's National Basketball Association,TRUE,INTERESTS,573.15094768327,NA
All Pro-Democrat Pages,Xkcd,TRUE,INTERESTS,573.15094768327,NA
All Pro-Democrat Pages,Bravo (U.S. TV channel),TRUE,INTERESTS,536.6799210090456,NA
All Pro-Democrat Pages,Bill & Melinda Gates Foundation,TRUE,INTERESTS,518.9163691841545,NA
All Pro-Democrat Pages,Ford Foundation,TRUE,INTERESTS,518.9163691841545,NA
All Pro-Democrat Pages,Rockefeller Foundation,TRUE,INTERESTS,518.9163691841545,NA
All Pro-Democrat Pages,The Atlantic,TRUE,INTERESTS,518.9163691841545,NA
All Pro-Democrat Pages,Hardcore Pawn,TRUE,INTERESTS,507.816720435637,NA
All Pro-Democrat Pages,Ben Shapiro,TRUE,INTERESTS,458.6798301075707,NA
All Pro-Democrat Pages,Donald Trump Jr.,TRUE,INTERESTS,458.6798301075707,NA
All Pro-Democrat Pages,Eric Trump,TRUE,INTERESTS,458.6798301075707,NA
All Pro-Democrat Pages,Ivanka Trump,TRUE,INTERESTS,458.6798301075707,NA
All Pro-Democrat Pages,Laura Ingraham,TRUE,INTERESTS,458.6798301075707,NA
All Pro-Democrat Pages,Rush Limbaugh,TRUE,INTERESTS,458.6798301075707,NA
All Pro-Democrat Pages,Sean Hannity,TRUE,INTERESTS,458.6798301075707,NA
All Pro-Democrat Pages,The Sean Hannity Show,TRUE,INTERESTS,458.6798301075707,NA
All Pro-Democrat Pages,Petroleum engineering,TRUE,INTERESTS,424.9670206791051,NA
All Pro-Republican Pages,Alyssa Milano,TRUE,INTERESTS,407.3817608086653,NA
All Pro-Republican Pages,Bette Midler,TRUE,INTERESTS,407.3817608086653,NA
All Pro-Republican Pages,Cher,TRUE,INTERESTS,407.3817608086653,NA
All Pro-Republican Pages,ellen degeneres,TRUE,INTERESTS,407.3817608086653,NA
All Pro-Republican Pages,Ellen Page,TRUE,INTERESTS,407.3817608086653,NA
All Pro-Republican Pages,HuffPost Women,TRUE,INTERESTS,407.3817608086653,NA
All Pro-Republican Pages,Jane Fonda,TRUE,INTERESTS,407.3817608086653,NA
All Pro-Republican Pages,Kathy Griffin,TRUE,INTERESTS,407.3817608086653,NA
All Pro-Republican Pages,Liberal arts college,TRUE,INTERESTS,407.3817608086653,NA
All Pro-Republican Pages,Liberal arts education,TRUE,INTERESTS,407.3817608086653,NA
All Pro-Republican Pages,Mark Ruffalo,TRUE,INTERESTS,407.3817608086653,NA
All Pro-Republican Pages,NPR Morning Edition,TRUE,INTERESTS,407.3817608086653,NA
All Pro-Republican Pages,NPR's Weekend Edition,TRUE,INTERESTS,407.3817608086653,NA
All Pro-Republican Pages,The Ellen DeGeneres Show,TRUE,INTERESTS,407.3817608086653,NA
All Pro-Republican Pages,Whoopi Goldberg,TRUE,INTERESTS,407.3817608086653,NA
All Pro-Democrat Pages,Boats,TRUE,INTERESTS,361.9905134778989,NA
All Pro-Democrat Pages,Athens Technical College,TRUE,DEMOGRAPHICS,312.22994897311355,NA
All Pro-Democrat Pages,Georgia Military College,TRUE,DEMOGRAPHICS,312.22994897311355,NA
All Pro-Democrat Pages,Lanier Technical College,TRUE,DEMOGRAPHICS,312.22994897311355,NA
All Pro-Democrat Pages,NASCAR on TNT,TRUE,INTERESTS,307.9889025744551,NA
All Pro-Democrat Pages,Air pollution,TRUE,INTERESTS,260.6931997506694,NA
All Pro-Democrat Pages,American Federation of Teachers,TRUE,INTERESTS,260.6931997506694,NA
All Pro-Democrat Pages,Art museum,TRUE,INTERESTS,260.6931997506694,NA
All Pro-Democrat Pages,Artforum,TRUE,INTERESTS,260.6931997506694,NA
All Pro-Democrat Pages,Artnet,TRUE,INTERESTS,260.6931997506694,NA
All Pro-Democrat Pages,ARTnews,TRUE,INTERESTS,260.6931997506694,NA
All Pro-Democrat Pages,arts,TRUE,INTERESTS,260.6931997506694,NA
All Pro-Democrat Pages,Autonomous car,TRUE,INTERESTS,260.6931997506694,NA
All Pro-Democrat Pages,Bill Nye,TRUE,INTERESTS,260.6931997506694,NA
All Pro-Democrat Pages,Brooklyn Museum,TRUE,INTERESTS,260.6931997506694,NA
All Pro-Democrat Pages,Carnegie Hall,TRUE,INTERESTS,260.6931997506694,NA
All Pro-Democrat Pages,Center for Science in the Public Interest,TRUE,INTERESTS,260.6931997506694,NA
All Pro-Democrat Pages,Clean Energy Collective,TRUE,INTERESTS,260.6931997506694,NA
All Pro-Democrat Pages,Conservation International,TRUE,INTERESTS,260.6931997506694,NA
All Pro-Democrat Pages,Contemporary art,TRUE,INTERESTS,260.6931997506694,NA
All Pro-Democrat Pages,Earth Hour,TRUE,INTERESTS,260.6931997506694,NA
All Pro-Democrat Pages,Education reform,TRUE,INTERESTS,260.6931997506694,NA
All Pro-Democrat Pages,European Investment Bank,TRUE,INTERESTS,260.6931997506694,NA
All Pro-Democrat Pages,Fine art,TRUE,INTERESTS,260.6931997506694,NA
All Pro-Democrat Pages,Government,TRUE,INTERESTS,260.6931997506694,NA
All Pro-Democrat Pages,Healthy Children,TRUE,INTERESTS,260.6931997506694,NA
All Pro-Democrat Pages,Mayor,TRUE,INTERESTS,260.6931997506694,NA
All Pro-Democrat Pages,Metropolitan Museum of Art,TRUE,INTERESTS,260.6931997506694,NA
All Pro-Democrat Pages,Metropolitan Opera,TRUE,INTERESTS,260.6931997506694,NA
All Pro-Democrat Pages,Museum of Modern Art,TRUE,INTERESTS,260.6931997506694,NA
All Pro-Democrat Pages,National Audubon Society,TRUE,INTERESTS,260.6931997506694,NA
All Pro-Democrat Pages,National Education Association,TRUE,INTERESTS,260.6931997506694,NA
All Pro-Democrat Pages,National Organization for Women,TRUE,INTERESTS,260.6931997506694,NA
All Pro-Democrat Pages,National Safety Council,TRUE,INTERESTS,260.6931997506694,NA
All Pro-Democrat Pages,National Wildlife Federation,TRUE,INTERESTS,260.6931997506694,NA
All Pro-Democrat Pages,Pérez Art Museum Miami,TRUE,INTERESTS,260.6931997506694,NA
All Pro-Democrat Pages,Performing arts,TRUE,INTERESTS,260.6931997506694,NA
All Pro-Democrat Pages,Save the Children,TRUE,INTERESTS,260.6931997506694,NA
All Pro-Democrat Pages,Serpentine Galleries,TRUE,INTERESTS,260.6931997506694,NA
All Pro-Democrat Pages,Sierra Club,TRUE,INTERESTS,260.6931997506694,NA
All Pro-Democrat Pages,Smithsonian Institution,TRUE,INTERESTS,260.6931997506694,NA
All Pro-Democrat Pages,Solar power in the United States,TRUE,INTERESTS,260.6931997506694,NA
All Pro-Democrat Pages,Solomon R. Guggenheim Museum,TRUE,INTERESTS,260.6931997506694,NA
All Pro-Democrat Pages,Sustainable Energy for All,TRUE,INTERESTS,260.6931997506694,NA
All Pro-Democrat Pages,Sustainable living,TRUE,INTERESTS,260.6931997506694,NA
All Pro-Democrat Pages,The Climate Group,TRUE,INTERESTS,260.6931997506694,NA
All Pro-Democrat Pages,The Nature Conservancy,TRUE,INTERESTS,260.6931997506694,NA
All Pro-Democrat Pages,UNICEF,TRUE,INTERESTS,260.6931997506694,NA
All Pro-Democrat Pages,Union of Concerned Scientists,TRUE,INTERESTS,260.6931997506694,NA
All Pro-Democrat Pages,University of Bath,TRUE,INTERESTS,260.6931997506694,NA
All Pro-Democrat Pages,WeAreTeachers,TRUE,INTERESTS,260.6931997506694,NA
All Pro-Democrat Pages,Whitney Museum of American Art,TRUE,INTERESTS,260.6931997506694,NA
All Pro-Democrat Pages,Women in the World,TRUE,INTERESTS,260.6931997506694,NA
All Pro-Democrat Pages,Bloomberg News,TRUE,INTERESTS,258.2231694334941,NA
All Pro-Democrat Pages,Bloomberg Philanthropies,TRUE,INTERESTS,258.2231694334941,NA
All Pro-Democrat Pages,CNN,TRUE,INTERESTS,258.2231694334941,NA
All Pro-Democrat Pages,Johns Hopkins University,TRUE,INTERESTS,258.2231694334941,NA
All Pro-Democrat Pages,Los Angeles Times,TRUE,INTERESTS,258.2231694334941,NA
All Pro-Democrat Pages,Melinda Gates,TRUE,INTERESTS,258.2231694334941,NA
All Pro-Democrat Pages,Michael Bloomberg,TRUE,INTERESTS,258.2231694334941,NA
All Pro-Democrat Pages,Morgan State University,TRUE,INTERESTS,258.2231694334941,NA
All Pro-Democrat Pages,MSNBC,TRUE,INTERESTS,258.2231694334941,NA
All Pro-Democrat Pages,Prairie View A&M University,TRUE,INTERESTS,258.2231694334941,NA
All Pro-Democrat Pages,The Guardian,TRUE,INTERESTS,258.2231694334941,NA
All Pro-Democrat Pages,The New York Times,TRUE,INTERESTS,258.2231694334941,NA
All Pro-Democrat Pages,The Wall Street Journal,TRUE,INTERESTS,258.2231694334941,NA
All Pro-Democrat Pages,The Washington Post,TRUE,INTERESTS,258.2231694334941,NA
All Pro-Democrat Pages,This American Life,TRUE,INTERESTS,258.2231694334941,NA
All Pro-Democrat Pages,United Nations Foundation,TRUE,INTERESTS,258.2231694334941,NA
All Pro-Democrat Pages,United Way of America,TRUE,INTERESTS,258.2231694334941,NA
All Pro-Republican Pages,Doctorate,TRUE,INTERESTS,250.00030360107257,NA
All Pro-Democrat Pages,Diamond Offshore Drilling,TRUE,DEMOGRAPHICS,250.000174666514,NA
All Pro-Republican Pages,Education and Libraries,TRUE,DEMOGRAPHICS,249.9803035767843,NA
All Pro-Republican Pages,Acting,TRUE,INTERESTS,249.9803035767843,NA
All Pro-Republican Pages,Beyoncé,TRUE,INTERESTS,249.9803035767843,NA
All Pro-Republican Pages,Painting,TRUE,INTERESTS,249.9803035767843,NA
All Pro-Republican Pages,PBS,TRUE,INTERESTS,249.9803035767843,NA
All Pro-Republican Pages,Performing arts,TRUE,INTERESTS,249.9803035767843,NA
All Pro-Republican Pages,The New York Times Book Review,TRUE,INTERESTS,249.9803035767843,NA
All Pro-Democrat Pages,Rob Schneider,TRUE,INTERESTS,219.9815141584718,NA
All Pro-Democrat Pages,Coal Miner,TRUE,DEMOGRAPHICS,174.87024805072488,NA
All Pro-Democrat Pages,Kirstie Alley,TRUE,INTERESTS,162.70999170896403,NA
All Pro-Democrat Pages,Lynyrd Skynyrd,TRUE,INTERESTS,162.70999170896403,NA
All Pro-Democrat Pages,Judd Trump,TRUE,INTERESTS,142.7797770477762,NA
All Pro-Republican Pages,Activision,TRUE,INTERESTS,134,NA
All Pro-Democrat Pages,Wrangler (jeans),TRUE,INTERESTS,100.0329520312605,NA
All Pro-Republican Pages,Health care reform,TRUE,INTERESTS,98.08711022823452,NA
All Pro-Republican Pages,Women in the workforce,TRUE,INTERESTS,98.08711022823452,NA
All Pro-Democrat Pages,Goya Foods,TRUE,INTERESTS,83.22011804644126,NA
All Pro-Democrat Pages,Outback Truckers,TRUE,INTERESTS,49.58993293113054,NA
All Pro-Democrat Pages,Cabela's,TRUE,DEMOGRAPHICS,29.64071581523423,NA
All Pro-Republican Pages,Animal ethics,TRUE,INTERESTS,3.520014860824314,NA
All Pro-Republican Pages,Dairy farming,TRUE,INTERESTS,3.520014860824314,NA
All Pro-Republican Pages,Drama school,TRUE,INTERESTS,3.520014860824314,NA
All Pro-Republican Pages,Farm,TRUE,INTERESTS,3.520014860824314,NA
All Pro-Republican Pages,Organic farming,TRUE,INTERESTS,3.520014860824314,NA
